#
# Testing range operations for varying data types.
#
#
# Date type YEAR
#
CREATE TABLE t1 (pk YEAR PRIMARY KEY);
INSERT INTO t1 VALUES (2020), (2021), (2022), (2023), (2024);
SELECT COUNT(*) FROM t1 WHERE pk > 2025;
COUNT(*)
0
SELECT pk FROM t1 WHERE pk > 2025;
pk
SELECT COUNT(*) FROM t1 WHERE pk < 2030;
COUNT(*)
5
SELECT pk FROM t1 WHERE pk < 2030;
pk
2020
2021
2022
2023
2024
SELECT pk FROM t1 WHERE pk = 2025;
pk
SELECT pk FROM t1 WHERE pk = 2022;
pk
2022
SELECT pk FROM t1 WHERE pk <> 2022;
pk
2020
2021
2023
2024
SELECT pk FROM t1 WHERE pk BETWEEN 2021 AND 2023;
pk
2021
2022
2023
SELECT pk FROM t1 WHERE pk IN ('2025', '2026');
pk
SELECT pk FROM t1 WHERE pk IN ('2021', '2022');
pk
2021
2022
SELECT pk FROM t1 WHERE pk NOT IN ('2025', '2026');
pk
2020
2021
2022
2023
2024
SELECT pk FROM t1 WHERE pk NOT IN ('2021', '2022');
pk
2020
2023
2024
DROP TABLE t1;
#
# Data type TIME
#
CREATE TABLE t1 (pk TIME PRIMARY KEY);
INSERT INTO t1 VALUES
(TIME'01:00:00'), (TIME'01:00:01'), (TIME'01:01:00'),
(TIME'01:01:01'), (TIME'02:00:00');
SELECT COUNT(*) FROM t1 WHERE pk > TIME'02:00:00';
COUNT(*)
0
SELECT COUNT(*) FROM t1 WHERE pk > '02:00:00';
COUNT(*)
0
SELECT pk FROM t1 WHERE pk > TIME'01:00:01';
pk
01:01:00
01:01:01
02:00:00
SELECT pk FROM t1 WHERE pk > '01:00:01';
pk
01:01:00
01:01:01
02:00:00
SELECT COUNT(*) FROM t1 WHERE pk < TIME'03:00:00';
COUNT(*)
5
SELECT COUNT(*) FROM t1 WHERE pk < '03:00:00';
COUNT(*)
5
SELECT pk FROM t1 WHERE pk < TIME'03:00:00';
pk
01:00:00
01:00:01
01:01:00
01:01:01
02:00:00
SELECT pk FROM t1 WHERE pk < '03:00:00';
pk
01:00:00
01:00:01
01:01:00
01:01:01
02:00:00
SELECT pk FROM t1 WHERE pk = TIME'03:00:00';
pk
SELECT pk FROM t1 WHERE pk = '03:00:00';
pk
SELECT pk FROM t1 WHERE pk = TIME'01:00:01';
pk
01:00:01
SELECT pk FROM t1 WHERE pk = '01:00:01';
pk
01:00:01
SELECT pk FROM t1 WHERE pk <> TIME'01:00:01';
pk
01:00:00
01:01:00
01:01:01
02:00:00
SELECT pk FROM t1 WHERE pk <> '01:00:01';
pk
01:00:00
01:01:00
01:01:01
02:00:00
SELECT pk FROM t1 WHERE pk BETWEEN TIME'01:00:01' AND TIME'01:01:01';
pk
01:00:01
01:01:00
01:01:01
SELECT pk FROM t1 WHERE pk BETWEEN '01:00:01' AND '01:01:01';
pk
01:00:01
01:01:00
01:01:01
SELECT pk FROM t1 WHERE pk IN (TIME'01:00:01', TIME'01:01:01');
pk
01:00:01
01:01:01
SELECT pk FROM t1 WHERE pk IN ('01:00:01', '01:01:01');
pk
01:00:01
01:01:01
SELECT pk FROM t1 WHERE pk IN (TIME'03:00:01', TIME'03:01:01');
pk
SELECT pk FROM t1 WHERE pk IN ('03:00:01', '03:01:01');
pk
SELECT pk FROM t1 WHERE pk NOT IN (TIME'01:00:01', TIME'01:01:01');
pk
01:00:00
01:01:00
02:00:00
SELECT pk FROM t1 WHERE pk NOT IN ('01:00:01', '01:01:01');
pk
01:00:00
01:01:00
02:00:00
Warnings:
Warning	1292	Incorrect time value: '140806224609280' for column 'pk' at row 1
DROP TABLE t1;
#
# Data type DATE
#
CREATE TABLE t1 (pk DATE PRIMARY KEY);
INSERT INTO t1 VALUES
(DATE'2020-01-31'), (DATE'2020-02-27'), (DATE'2021-02-10'),
(DATE'2021-02-11'), (DATE'2022-11-10');
SELECT COUNT(*) FROM t1 WHERE pk > DATE'2022-12-10';
COUNT(*)
0
SELECT COUNT(*) FROM t1 WHERE pk > '2022-12-10';
COUNT(*)
0
SELECT pk FROM t1 WHERE pk > DATE'2022-12-10';
pk
SELECT pk FROM t1 WHERE pk > '2022-12-10';
pk
SELECT COUNT(*) FROM t1 WHERE pk < DATE'2030-01-01';
COUNT(*)
5
SELECT COUNT(*) FROM t1 WHERE pk < '2030-01-01';
COUNT(*)
5
SELECT pk FROM t1 WHERE pk < DATE'2030-01-01';
pk
2020-01-31
2020-02-27
2021-02-10
2021-02-11
2022-11-10
SELECT pk FROM t1 WHERE pk < '2030-01-01';
pk
2020-01-31
2020-02-27
2021-02-10
2021-02-11
2022-11-10
SELECT pk FROM t1 WHERE pk = DATE'2030-01-01';
pk
SELECT pk FROM t1 WHERE pk = '2030-01-01';
pk
SELECT pk FROM t1 WHERE pk = DATE'2020-02-27';
pk
2020-02-27
SELECT pk FROM t1 WHERE pk = '2020-02-27';
pk
2020-02-27
SELECT pk FROM t1 WHERE pk <> DATE'2020-02-27';
pk
2020-01-31
2021-02-10
2021-02-11
2022-11-10
SELECT pk FROM t1 WHERE pk <> '2020-02-27';
pk
2020-01-31
2021-02-10
2021-02-11
2022-11-10
SELECT pk FROM t1 WHERE pk BETWEEN DATE'2020-02-27' AND DATE'2021-02-11';
pk
2020-02-27
2021-02-10
2021-02-11
SELECT pk FROM t1 WHERE pk BETWEEN '2020-02-27' AND '2021-02-11';
pk
2020-02-27
2021-02-10
2021-02-11
SELECT pk FROM t1 WHERE pk IN (DATE'2030-01-30', DATE'2031-02-28');
pk
SELECT pk FROM t1 WHERE pk IN ('2030-01-30', '2031-02-28');
pk
SELECT pk FROM t1 WHERE pk IN (DATE'2020-01-31', DATE'2020-02-27');
pk
2020-01-31
2020-02-27
SELECT pk FROM t1 WHERE pk IN ('2020-01-31', '2020-02-27');
pk
2020-01-31
2020-02-27
SELECT pk FROM t1 WHERE pk NOT IN (DATE'2020-01-30', DATE'2020-02-28');
pk
2020-01-31
2020-02-27
2021-02-10
2021-02-11
2022-11-10
SELECT pk FROM t1 WHERE pk NOT IN ('2020-01-30', '2020-02-28');
pk
2020-01-31
2020-02-27
2021-02-10
2021-02-11
2022-11-10
DROP TABLE t1;
#
# Data type DATETIME
#
CREATE TABLE t1 (pk DATETIME PRIMARY KEY);
INSERT INTO t1 VALUES
(TIMESTAMP'2022-01-01 00:00:00'), (TIMESTAMP'2022-01-01 00:00:01'),
(TIMESTAMP'2022-01-01 00:01:00'), (TIMESTAMP'2022-01-01 01:00:00'),
(TIMESTAMP'2022-01-01 01:00:10');
SELECT COUNT(*) FROM t1 WHERE pk > TIMESTAMP'2022-01-01 01:00:10';
COUNT(*)
0
SELECT COUNT(*) FROM t1 WHERE pk > '2022-01-01 01:00:10';
COUNT(*)
0
SELECT pk FROM t1 WHERE pk > TIMESTAMP'2022-01-01 01:00:10';
pk
SELECT pk FROM t1 WHERE pk > '2022-01-01 01:00:10';
pk
SELECT COUNT(*) FROM t1 WHERE pk < TIMESTAMP'2022-01-01 01:00:00';
COUNT(*)
3
SELECT COUNT(*) FROM t1 WHERE pk < '2022-01-01 01:00:00';
COUNT(*)
3
SELECT pk FROM t1 WHERE pk < TIMESTAMP'2022-01-01 01:00:00';
pk
2022-01-01 00:00:00
2022-01-01 00:00:01
2022-01-01 00:01:00
SELECT pk FROM t1 WHERE pk < '2022-01-01 01:00:00';
pk
2022-01-01 00:00:00
2022-01-01 00:00:01
2022-01-01 00:01:00
SELECT pk FROM t1 WHERE pk = TIMESTAMP'2022-02-01 01:00:10';
pk
SELECT pk FROM t1 WHERE pk = '2022-02-01 01:00:10';
pk
SELECT pk FROM t1 WHERE pk = TIMESTAMP'2022-01-01 00:00:00';
pk
2022-01-01 00:00:00
SELECT pk FROM t1 WHERE pk = '2022-01-01 00:00:00';
pk
2022-01-01 00:00:00
SELECT pk FROM t1 WHERE pk <> TIMESTAMP'2022-01-01 00:00:01';
pk
2022-01-01 00:00:00
2022-01-01 00:01:00
2022-01-01 01:00:00
2022-01-01 01:00:10
SELECT pk FROM t1 WHERE pk <> '2022-01-01 00:00:01';
pk
2022-01-01 00:00:00
2022-01-01 00:01:00
2022-01-01 01:00:00
2022-01-01 01:00:10
SELECT pk
FROM t1
WHERE pk BETWEEN TIMESTAMP'2022-01-01 00:00:01' AND
TIMESTAMP'2022-01-01 01:00:00';
pk
2022-01-01 00:00:01
2022-01-01 00:01:00
2022-01-01 01:00:00
SELECT pk
FROM t1
WHERE pk BETWEEN '2022-01-01 00:00:01' AND '2022-01-01 01:00:00';
pk
2022-01-01 00:00:01
2022-01-01 00:01:00
2022-01-01 01:00:00
SELECT pk
FROM t1
WHERE pk IN (TIMESTAMP'2030-01-02 00:00:00', TIMESTAMP'2031-01-02 00:00:01');
pk
SELECT pk FROM t1 WHERE pk IN ('2030-01-02 00:00:00', '2031-01-02 00:00:01');
pk
SELECT pk
FROM t1
WHERE pk IN (TIMESTAMP'2022-01-01 00:00:00', TIMESTAMP'2022-01-01 00:00:01');
pk
2022-01-01 00:00:00
2022-01-01 00:00:01
SELECT pk FROM t1 WHERE pk IN ('2022-01-01 00:00:00', '2022-01-01 00:00:01');
pk
2022-01-01 00:00:00
2022-01-01 00:00:01
SELECT pk
FROM t1
WHERE pk NOT IN (TIMESTAMP'2022-01-02 00:00:00',
TIMESTAMP'2022-01-02 00:00:01');
pk
2022-01-01 00:00:00
2022-01-01 00:00:01
2022-01-01 00:01:00
2022-01-01 01:00:00
2022-01-01 01:00:10
SELECT pk
FROM t1
WHERE pk NOT IN ('2022-01-02 00:00:00', '2022-01-02 00:00:01');
pk
2022-01-01 00:00:00
2022-01-01 00:00:01
2022-01-01 00:01:00
2022-01-01 01:00:00
2022-01-01 01:00:10
SELECT pk
FROM t1
WHERE pk NOT IN (TIMESTAMP'2022-01-01 00:00:00',
TIMESTAMP'2022-01-01 00:00:01');
pk
2022-01-01 00:01:00
2022-01-01 01:00:00
2022-01-01 01:00:10
SELECT pk
FROM t1
WHERE pk NOT IN ('2022-01-01 00:00:00', '2022-01-01 00:00:01');
pk
2022-01-01 00:01:00
2022-01-01 01:00:00
2022-01-01 01:00:10
DROP TABLE t1;
#
# Data type TIMESTAMP
#
CREATE TABLE t1 (pk TIMESTAMP PRIMARY KEY);
INSERT INTO t1 VALUES
(TIMESTAMP'2022-01-01 00:00:00'), (TIMESTAMP'2022-01-01 00:00:01'),
(TIMESTAMP'2022-01-01 00:01:00'), (TIMESTAMP'2022-01-01 01:00:00'),
(TIMESTAMP'2022-01-01 01:00:10');
SELECT COUNT(*) FROM t1 WHERE pk > TIMESTAMP'2022-01-01 01:00:10';
COUNT(*)
0
SELECT COUNT(*) FROM t1 WHERE pk > '2022-01-01 01:00:10';
COUNT(*)
0
SELECT pk FROM t1 WHERE pk > TIMESTAMP'2022-01-01 01:00:10';
pk
SELECT pk FROM t1 WHERE pk > '2022-01-01 01:00:10';
pk
SELECT COUNT(*) FROM t1 WHERE pk < TIMESTAMP'2022-01-01 01:00:00';
COUNT(*)
3
SELECT COUNT(*) FROM t1 WHERE pk < '2022-01-01 01:00:00';
COUNT(*)
3
SELECT pk FROM t1 WHERE pk < TIMESTAMP'2022-01-01 01:00:00';
pk
2022-01-01 00:00:00
2022-01-01 00:00:01
2022-01-01 00:01:00
SELECT pk FROM t1 WHERE pk < '2022-01-01 01:00:00';
pk
2022-01-01 00:00:00
2022-01-01 00:00:01
2022-01-01 00:01:00
SELECT pk FROM t1 WHERE pk = TIMESTAMP'2022-02-01 01:00:10';
pk
SELECT pk FROM t1 WHERE pk = '2022-02-01 01:00:10';
pk
SELECT pk FROM t1 WHERE pk = TIMESTAMP'2022-01-01 00:00:00';
pk
2022-01-01 00:00:00
SELECT pk FROM t1 WHERE pk = '2022-01-01 00:00:00';
pk
2022-01-01 00:00:00
SELECT pk FROM t1 WHERE pk <> TIMESTAMP'2022-01-01 00:00:01';
pk
2022-01-01 00:00:00
2022-01-01 00:01:00
2022-01-01 01:00:00
2022-01-01 01:00:10
SELECT pk FROM t1 WHERE pk <> '2022-01-01 00:00:01';
pk
2022-01-01 00:00:00
2022-01-01 00:01:00
2022-01-01 01:00:00
2022-01-01 01:00:10
SELECT pk
FROM t1
WHERE pk BETWEEN TIMESTAMP'2022-01-01 00:00:01' AND
TIMESTAMP'2022-01-01 01:00:00';
pk
2022-01-01 00:00:01
2022-01-01 00:01:00
2022-01-01 01:00:00
SELECT pk
FROM t1
WHERE pk BETWEEN '2022-01-01 00:00:01' AND '2022-01-01 01:00:00';
pk
2022-01-01 00:00:01
2022-01-01 00:01:00
2022-01-01 01:00:00
SELECT pk
FROM t1
WHERE pk IN (TIMESTAMP'2030-01-02 00:00:00', TIMESTAMP'2031-01-02 00:00:01');
pk
SELECT pk FROM t1 WHERE pk IN ('2030-01-02 00:00:00', '2031-01-02 00:00:01');
pk
SELECT pk
FROM t1
WHERE pk IN (TIMESTAMP'2022-01-01 00:00:00', TIMESTAMP'2022-01-01 00:00:01');
pk
2022-01-01 00:00:00
2022-01-01 00:00:01
SELECT pk FROM t1 WHERE pk IN ('2022-01-01 00:00:00', '2022-01-01 00:00:01');
pk
2022-01-01 00:00:00
2022-01-01 00:00:01
SELECT pk
FROM t1
WHERE pk NOT IN (TIMESTAMP'2022-01-02 00:00:00',
TIMESTAMP'2022-01-02 00:00:01');
pk
2022-01-01 00:00:00
2022-01-01 00:00:01
2022-01-01 00:01:00
2022-01-01 01:00:00
2022-01-01 01:00:10
SELECT pk
FROM t1
WHERE pk NOT IN ('2022-01-02 00:00:00', '2022-01-02 00:00:01');
pk
2022-01-01 00:00:00
2022-01-01 00:00:01
2022-01-01 00:01:00
2022-01-01 01:00:00
2022-01-01 01:00:10
SELECT pk
FROM t1
WHERE pk NOT IN (TIMESTAMP'2022-01-01 00:00:00',
TIMESTAMP'2022-01-01 00:00:01');
pk
2022-01-01 00:01:00
2022-01-01 01:00:00
2022-01-01 01:00:10
SELECT pk
FROM t1
WHERE pk NOT IN ('2022-01-01 00:00:00', '2022-01-01 00:00:01');
pk
2022-01-01 00:01:00
2022-01-01 01:00:00
2022-01-01 01:00:10
DROP TABLE t1;
