CREATE TABLE t1 (id INT, val COMPLEX);
INSERT INTO t1 VALUES
(1, '(0.0,0.0)'),
(6, '(4.22e-10,3.14e-15)'),
(2, '(1.0,2.0)'),
(3, '(3.0,4.0)'),
(5, '(1.5e100,2.3e100)'),
(7, '(-5.0,3.0)'),
(4, '(-1.0,-2.0)'),
(8, '(-0,0)');
CREATE TABLE t2 (id INT, val COMPLEX);
INSERT INTO t2 VALUES
(11, '(0.0,0.0)'),
(16, '(4.22e-10,3.14e-15)'),
(2, '(-0,2.0)'),
(3, '(-0,-0)'),
(5, '(1e99,2.3e100)'),
(17, '(5.0,3.0)'),
(4, '(-1.0,-2.0)'),
(1, '(-0,0)');
SELECT * FROM t1 WHERE (id, val) = (SELECT id, val FROM t2 LIMIT 1);
id	val
SELECT * FROM t1 WHERE (id, val) = (SELECT id, val FROM t2 ORDER BY id);
ERROR 21000: Subquery returns more than 1 row
SELECT * FROM t1 WHERE (id, val) = (SELECT id, val FROM t2 WHERE id = 4 LIMIT 1);
id	val
4	(-1,-2)
SELECT * FROM t1 WHERE (val) = (SELECT val FROM t2 ORDER BY id LIMIT 1);
id	val
1	(0,0)
8	(0,0)
SELECT * FROM t1 WHERE (val) = (SELECT val FROM t2 ORDER BY val LIMIT 1);
id	val
4	(-1,-2)
SELECT * FROM t1 WHERE (id, val) IN (SELECT id, val FROM t2);
id	val
1	(0,0)
4	(-1,-2)
DROP TABLE t1;
DROP TABLE t2;
