CREATE TABLE t1 (id INT, val COMPLEX);
INSERT INTO t1 VALUES (1, '(1.0,2.0)'), (2, '(3.0,4.0)');
CREATE TABLE t2 (id INT, val COMPLEX);
INSERT INTO t2 VALUES (1, '(1.0,2.0)'), (1, '(5.0,6.0)'), (2, '(3.0,4.0)');
SELECT id, (SELECT val FROM t2 WHERE t2.id = t1.id LIMIT 1) as sub_val FROM t1;
id	sub_val
1	(1,2)
2	(3,4)
SELECT * FROM t1 WHERE val IN (SELECT val FROM t2 WHERE t2.id = t1.id);
id	val
1	(1,2)
2	(3,4)
DROP TABLE t1;
DROP TABLE t2;
